<?xml version="1.0" encoding="UTF-8"?>
<!DOCTYPE configuration PUBLIC "-//mybatis.org//DTD Config 3.0//EN" "HTTP://mybatis.org/dtd/mybatis-3-config.dtd">

<configuration>
   <settings>
      <setting name="cacheEnabled" value="false" />
      <setting name="useGeneratedKeys" value="true" />
      <setting name="defaultExecutorType" value="REUSE" />
      <setting name="jdbcTypeForNull" value="NULL" />
   </settings>
   
   <typeAliases>
   		<typeAlias type="vo.MovieVO" alias="movie"/>
   		<typeAlias type="vo.ReplyVO" alias="reply"/>
   		<typeAlias type="vo.MemberVO" alias="member"/>
   		<typeAlias type="vo.MovieListVO" alias="movielist"/>
		<typeAlias type="vo.ReservationVO" alias="reservation"/>
   		
   </typeAliases>
   
   <mappers>
     <mapper resource="config/mybatis/mapper/movie.xml" />
     <mapper resource="config/mybatis/mapper/member.xml" />
     <mapper resource="config/mybatis/mapper/MovieReservation.xml" />
   </mappers>
</configuration>