<?xml version="1.0" encoding="UTF-8"?>
<beans:beans xmlns="http://www.springframework.org/schema/mvc"
	xmlns:xsi="http://www.w3.org/2001/XMLSchema-instance"
	xmlns:beans="http://www.springframework.org/schema/beans"
	xmlns:context="http://www.springframework.org/schema/context"
	xsi:schemaLocation="http://www.springframework.org/schema/mvc https://www.springframework.org/schema/mvc/spring-mvc.xsd
		http://www.springframework.org/schema/beans https://www.springframework.org/schema/beans/spring-beans.xsd
		http://www.springframework.org/schema/context https://www.springframework.org/schema/context/spring-context.xsd">

	<!-- DispatcherServlet Context: defines this servlet's request-processing infrastructure -->
	
	<!-- Enables the Spring MVC @Controller programming model -->
	<annotation-driven />

	<!-- Handles HTTP GET requests for /resources/** by efficiently serving up static resources in the ${webappRoot}/resources directory -->
	<resources mapping="/resources/**" location="/resources/" />

	<!-- Resolves views selected for rendering by @Controllers to .jsp resources in the /WEB-INF/views directory -->
	<!-- <beans:bean class="org.springframework.web.servlet.view.InternalResourceViewResolver">
		<beans:property name="prefix" value="/WEB-INF/views/" />
		<beans:property name="suffix" value=".jsp" />
	</beans:bean> -->
	
	<!-- <context:component-scan base-package="com.korea.db" /> -->
	
	<!-- autowired를 사용하기 위한 코드 -->
	<context:annotation-config/>
	
	<!-- 컨트롤러 생성 및 dao를 참조시킨다 -->
	<beans:bean class="com.korea.movie.MainController">
		<beans:property name="movie_dao" ref="moviereservation_daoBean"/>
	</beans:bean>
	
	<beans:bean class="com.korea.movie.MovieController">
		<beans:property name="movie_dao" ref="movie_daoBean"/>
		<beans:property name="reply_dao" ref="reply_daoBean"/>
	</beans:bean>
	
	<beans:bean class="com.korea.movie.MemberController">
		<beans:property name="member_dao" ref="member_daoBean"/>
	</beans:bean>
	<beans:bean class="com.korea.movie.MovieReservationController">
		
		<!-- setter인젝션을 통해 미리 만들어둔 BoardDAO객체를 Controller에 참조 -->
		<beans:property name="movie_dao" ref="moviereservation_daoBean"/>
		
	</beans:bean>

	
	
</beans:beans>
