<?xml version="1.0" encoding="UTF-8"?>
<beans xmlns="http://www.springframework.org/schema/beans"
   xmlns:xsi="http://www.w3.org/2001/XMLSchema-instance"
   xmlns:context="http://www.springframework.org/schema/context"
   xsi:schemaLocation="http://www.springframework.org/schema/beans https://www.springframework.org/schema/beans/spring-beans.xsd
      http://www.springframework.org/schema/context http://www.springframework.org/schema/context/spring-context-3.1.xsd">
   
   <context:property-placeholder  
            location="classpath:config/mybatis/db.properties"/>
            
   <!-- DBCP 라이브러리에서 클래스를 객체화 -->
   <bean id="ds" class="org.apache.commons.dbcp.BasicDataSource">
      
      <property name="driverClassName" value="${driver}" />
      <property name="url" value="${url}" />
      <property name="username" value="${user}" />
      <property name="password" value="${password}" />
      <property name="maxActive" value="20" />
      
   </bean>
      
</beans>

