<?xml version="1.0" encoding="UTF-8"?>
<beans xmlns="http://www.springframework.org/schema/beans"
	xmlns:xsi="http://www.w3.org/2001/XMLSchema-instance"
	xsi:schemaLocation="http://www.springframework.org/schema/beans https://www.springframework.org/schema/beans/spring-beans.xsd">
	
	<bean id="movie_daoBean" class="dao.MovieDAO">
		<property name="sqlSession" ref="sqlSessionBean"/>
	</bean> 
	
	<bean id="reply_daoBean" class="dao.ReplyDAO">
		<property name="sqlSession" ref="sqlSessionBean"/>
	</bean> 
	
	<bean id="member_daoBean" class="dao.MemberDAO">
		<property name="sqlSession" ref="sqlSessionBean"/>
	</bean>
	<bean id="moviereservation_daoBean" class="dao.MovieReservationDAO">
		<property name="sqlSession" ref="sqlSessionBean"/>
	</bean>	
	
</beans>
